ID,Tribal Nation,State
1,Poarch Band of Creeks,AL
2,Native Village of Afognak (formerly the Village of Afognak),AK
3,Agdaagux Tribe of King Cove,AK
4,Native Village of Akhiok,AK
5,Akiachak Native Community,AK
6,Akiak Native Community,AK
7,Native Village of Akutan,AK
8,Village of Alakanuk,AK
9,Alatna Village,AK
10,Native Village of Aleknagik,AK
11,Algaaciq Native Village (St. Mary's),AK
12,Allakaket Village,AK
13,Native Village of Ambler,AK
14,Village of Anaktuvuk Pass,AK
15,Yupiit of Andreafski,AK
16,Angoon Community Association,AK
17,Village of Aniak,AK
18,Anvik Village,AK
19,Arctic Village (See Native Village of Venetie Tribal Government),AK
20,Asa'carsarmiut Tribe,AK
21,Native Village of Atka,AK
22,Village of Atmautluak,AK
23,Atqasuk Village (Atkasook),AK
24,Native Village of Barrow Inupiat Traditional Government,AK
25,Beaver Village,AK
26,Native Village of Belkofski,AK
27,Village of Bill Moore's Slough,AK
28,Birch Creek Tribe,AK
29,Native Village of Brevig Mission,AK
30,Native Village of Buckland,AK
31,Native Village of Cantwell,AK
32,Native Village of Chenega (aka Chanega),AK
33,Chalkyitsik Village,AK
34,Cheesh-Na Tribe (formerly the Native Village of Chistochina),AK
35,Village of Chefornak,AK
36,Chevak Native Village,AK
37,Chickaloon Native Village,AK
38,Chignik Bay Tribal Council (formerly the Native Village of Chignik),AK
39,Native Village of Chignik Lagoon,AK
40,Chignik Lake Village,AK
41,Chilkat Indian Village (Klukwan),AK
42,Chilkoot Indian Association (Haines),AK
43,Chinik Eskimo Community (Golovin),AK
44,Native Village of Chitina,AK
45,"Native Village of Chuathbaluk (Russian Mission, Kuskokwim)",AK
46,Chuloonawick Native Village,AK
47,Circle Native Community,AK
48,Village of Clarks Point,AK
49,Native Village of Council,AK
50,Craig Community Association,AK
51,Village of Crooked Creek,AK
52,Curyung Tribal Council,AK
53,Native Village of Deering,AK
54,Native Village of Diomede (aka Inalik),AK
55,Village of Dot Lake,AK
56,Douglas Indian Association,AK
57,Native Village of Eagle,AK
58,Native Village of Eek,AK
59,Egegik Village,AK
60,Eklutna Native Village,AK
61,Native Village of Ekuk,AK
62,Ekwok Village,AK
63,Native Village of Elim,AK
64,Emmonak Village,AK
65,Evansville Village (aka Bettles Field),AK
66,Native Village of Eyak (Cordova),AK
67,Native Village of False Pass,AK
68,Native Village of Fort Yukon,AK
69,Native Village of Gakona,AK
70,Galena Village (aka Louden Village),AK
71,Native Village of Gambell,AK
72,Native Village of Georgetown,AK
73,Native Village of Goodnews Bay,AK
74,Organized Village of Grayling (aka Holikachuk),AK
75,Gulkana Village,AK
76,Native Village of Hamilton,AK
77,Healy Lake Village,AK
78,Holy Cross Village,AK
79,Hoonah Indian Association,AK
80,Native Village of Hooper Bay,AK
81,Hughes Village,AK
82,Huslia Village,AK
83,Hydaburg Cooperative Association,AK
84,Igiugig Village,AK
85,Village of Iliamna,AK
86,Inupiat Community of the Arctic Slope,AK
87,Iqurmuit Traditional Council (formerly the Native Village of Russian Mission),AK
88,Ivanoff Bay Village,AK
89,Kaguyak Village,AK
90,Organized Village of Kake,AK
91,Kaktovik Village (aka Barter Island),AK
92,Village of Kalskag,AK
93,Village of Kaltag,AK
94,Native Village of Kanatak,AK
95,Native Village of Karluk,AK
96,Organized Village of Kasaan,AK
97,Kasigluk Traditional Elders Council (formerly the Native Village of Kasigluk),AK
98,Kenaitze Indian Tribe,AK
99,Ketchikan Indian Corporation,AK
100,Native Village of Kiana,AK
101,King Island Native Community,AK
102,King Salmon Tribe,AK
103,Native Village of Kipnuk,AK
104,Native Village of Kivalina,AK
105,Klawock Cooperative Association,AK
106,Native Village of Kluti Kaah (aka Copper Center),AK
107,Knik Tribe,AK
108,Native Village of Kobuk,AK
109,Kokhanok Village,AK
110,Native Village of Kongiganak,AK
111,Village of Kotlik,AK
112,Native Village of Kotzebue,AK
113,Native Village of Koyuk,AK
114,Koyukuk Native Village,AK
115,Organized Village of Kwethluk,AK
116,Native Village of Kwigillingok,AK
117,Native Village of Kwinhagak (aka Quinhagak),AK
118,Native Village of Larsen Bay,AK
119,Levelock Village,AK
120,Lime Village,AK
121,Village of Lower Kalskag,AK
122,Manley Hot Springs Village,AK
123,Manokotak Village,AK
124,Native Village of Marshall (aka Fortuna Ledge),AK
125,Native Village of Mary's Igloo,AK
126,McGrath Native Village,AK
127,Native Village of Mekoryuk,AK
128,Mentasta Traditional Council,AK
129,"Metlakatla Indian Community, Annette Island Reserve",AK
130,Native Village of Minto,AK
131,Naknek Native Village,AK
132,Native Village of Nanwalek (aka English Bay),AK
133,Native Village of Napaimute,AK
134,Native Village of Napakiak,AK
135,Native Village of Napaskiak,AK
136,Native Village of Nelson Lagoon,AK
137,Nenana Native Association,AK
138,New Koliganek Village Council,AK
139,New Stuyahok Village,AK
140,Newhalen Village,AK
141,Newtok Village,AK
142,Native Village of Nightmute,AK
143,Nikolai Village,AK
144,Native Village of Nikolski,AK
145,Ninilchik Village,AK
146,Native Village of Noatak,AK
147,Nome Eskimo Community,AK
148,Nondalton Village,AK
149,Noorvik Native Community,AK
150,Northway Village,AK
151,Native Village of Nuiqsut (aka Nooiksut),AK
152,Nulato Village,AK
153,Nunakauyarmiut Tribe (formerly the Native Village of Toksook Bay),AK
154,Native Village of Nunam Iqua (formerly the Native Village of Sheldon's Point),AK
155,Native Village of Nunapitchuk,AK
156,Village of Ohogamiut,AK
157,Village of Old Harbor,AK
158,Orutsararmuit Native Village (aka Bethel),AK
159,Oscarville Traditional Village,AK
160,Native Village of Ouzinkie,AK
161,Native Village of Paimiut,AK
162,Pauloff Harbor Village,AK
163,Pedro Bay Village,AK
164,Native Village of Perryville,AK
165,Petersburg Indian Association,AK
166,Native Village of Pilot Point,AK
167,Pilot Station Traditional Village,AK
168,Native Village of Pitka's Point,AK
169,Platinum Traditional Village,AK
170,Native Village of Point Hope,AK
171,Native Village of Point Lay,AK
172,Native Village of Port Graham,AK
173,Native Village of Port Heiden,AK
174,Native Village of Port Lions,AK
175,Portage Creek Village (aka Ohgsenakale),AK
176,Pribilof Islands Aleut Communities of St. Paul & St. George Islands,AK
177,Qagan Tayagungin Tribe of Sand Point Village,AK
178,Qawalangin Tribe of Unalaska,AK
179,Rampart Village,AK
180,Village of Red Devil,AK
181,Native Village of Ruby,AK
182,Saint George Island (See Pribilof Islands Aleut Communities of St. Paul & St. George Islands),AK
183,Native Village of Saint Michael,AK
184,Saint Paul Island (See Pribilof Islands Aleut Communities of St. Paul & St. George Islands),AK
185,Village of Salamatoff,AK
186,Native Village of Savoonga,AK
187,Organized Village of Saxman,AK
188,Native Village of Scammon Bay,AK
189,Native Village of Selawik,AK
190,Seldovia Village Tribe,AK
191,Shageluk Native Village,AK
192,Native Village of Shaktoolik,AK
193,Native Village of Shishmaref,AK
194,Native Village of Shungnak,AK
195,Sitka Tribe of Alaska,AK
196,Skagway Village,AK
197,Village of Sleetmute,AK
198,Village of Solomon,AK
199,South Naknek Village,AK
200,Stebbins Community Association,AK
201,Native Village of Stevens,AK
202,Village of Stony River,AK
203,Sun'aq Tribe of Kodiak (formerly the Shoonaq' Tribe of Kodiak),AK
204,Takotna Village,AK
205,Native Village of Tanacross,AK
206,Native Village of Tanana,AK
207,Tangirnaq Native Village (formerly Lesnoi Village),AK
208,Native Village of Tatitlek,AK
209,Native Village of Tazlina,AK
210,Telida Village,AK
211,Native Village of Teller,AK
212,Native Village of Tetlin,AK
213,Central Council of the Tlingit & Haida Indian Tribes,AK
214,Traditional Village of Togiak,AK
215,Tuluksak Native Community,AK
216,Native Village of Tuntutuliak,AK
217,Native Village of Tununak,AK
218,Twin Hills Village,AK
219,Native Village of Tyonek,AK
220,Ugashik Village,AK
221,Umkumiute Native Village,AK
222,Native Village of Unalakleet,AK
223,Native Village of Unga,AK
224,Village of Venetie (See Native Village of Venetie Tribal Government),AK
225,Native Village of Venetie Tribal Government (Arctic Village and Village of Venetie),AK
226,Village of Wainwright,AK
227,Native Village of Wales,AK
228,Native Village of White Mountain,AK
229,Wrangell Cooperative Association,AK
230,Yakutat Tlingit Tribe,AK
231,Ak Chin Indian Community of the Maricopa (Ak Chin) Indian Reservation,AZ
232,Cocopah Tribe of Arizona,AZ
233,Colorado River Indian Tribes of the Colorado River Indian Reservation (Arizona and California),AZ
233,Colorado River Indian Tribes of the Colorado River Indian Reservation (Arizona and California),CA
234,Fort McDowell Yavapai Nation,AZ
235,"Fort Mojave Indian Tribe (Arizona, California and Nevada)",AZ
235,"Fort Mojave Indian Tribe (Arizona, California and Nevada)",CA
235,"Fort Mojave Indian Tribe (Arizona, California and Nevada)",NV
236,Gila River Indian Community of the Gila River Indian Reservation,AZ
237,Havasupai Tribe of the Havasupai Reservation,AZ
238,Hopi Tribe of Arizona,AZ
239,Hualapai Indian Tribe of the Hualapai Indian Reservation,AZ
240,Kaibab Band of Paiute Indians of the Kaibab Indian Reservation,AZ
241,"Navajo Nation (Arizona, New Mexico and Utah)",AZ
241,"Navajo Nation (Arizona, New Mexico and Utah)",NM
241,"Navajo Nation (Arizona, New Mexico and Utah)",UT
242,Pascua Yaqui Tribe of Arizona,AZ
243,Quechan Tribe of the Fort Yuma Indian Reservation (Arizona and California),AZ
243,Quechan Tribe of the Fort Yuma Indian Reservation (Arizona and California),CA
244,Salt River Pima-Maricopa Indian Community of the Salt River Reservation,AZ
244,Salt River Pima-Maricopa Indian Community of the Salt River Reservation,CA
245,San Carlos Apache Tribe of the San Carlos Reservation,AZ
246,San Juan Southern Paiute Tribe of Arizona,AZ
247,Tohono O’odham Nation of Arizona,AZ
248,Tonto Apache Tribe of Arizona,AZ
249,White Mountain Apache Tribe of the Fort Apache Reservation,AZ
250,Yavapai-Apache Nation of the Camp Verde Indian Reservation,AZ
251,Yavapai-Prescott Indian Tribe,AZ
252,Agua Caliente Band of Cahuilla Indians of the Agua Caliente Indian Reservation,CA
253,Alturas Indian Rancheria,CA
254,Augustine Band of Cahuilla Indians,CA
255,Bear River Band of the Rohnerville Rancheria,CA
256,Berry Creek Rancheria of Maidu Indians of California,CA
257,Big Lagoon Rancheria,CA
258,Big Pine Band Paiute Tribe of the Owens Valley,CA
259,Big Sandy Rancheria of Western Mono Indians of California,CA
260,Big Valley Band of Pomo Indians of the Big Valley Rancheria,CA
261,Bishop Pauite Tribe (previously listed as Paiute-Shoshone Indians of the Bishop Community of the Bishop Colony),CA
262,Blue Lake Rancheria,CA
263,Bridgeport Indian Colony,CA
264,Buena Vista Rancheria of Me-Wuk Indians of California,CA
265,Cabazon Band of Mission Indians,CA
266,Cachil DeHe Band of Wintun Indians of the Colusa Indian Community of the Colusa Rancheria,CA
267,Cahuilla Band of Mission Indians of the Cahuilla Reservation,CA
268,Cahto Indian Tribe of the Laytonville Rancheria,CA
269,California Valley Miwok Tribe,CA
270,Campo Band of Diegueño Mission Indians of the Campo Indian Reservation,CA
271,Capitan Grande Band of Diegueño Mission Indians of California:Barona Group of Capitan Grande Band of Mission Indians of the Barona Reservation; Viejas (Baron Long) Group of Capitan Grande Band of Mission Indians of the Viejas Reservation,CA
272,Cedarville Rancheria,CA
273,Chemehuevi Indian Tribe of the Chemehuevi Reservation,CA
274,Cher-Ae Heights Indian Community of the Trinidad Rancheria,CA
275,Chicken Ranch Rancheria of Me-Wuk Indians of California,CA
276,Cloverdale Rancheria of Pomo Indians of California,CA
277,Cold Springs Rancheria of Mono Indians of California,CA
278,Cortina Indian Rancheria of Wintun Indians of California,CA
279,Coyote Valley Band of Pomo Indians of California,CA
280,Death Valley Timbi-Sha Shoshone Tribe,CA
281,Dry Creek Rancheria of Pomo Indians,CA
282,Elem Indian Colony of Pomo Indians of the Sulphur Bank Rancheria,CA
283,Elk Valley Rancheria,CA
284,Enterprise Rancheria of Maidu Indians of California,CA
285,Ewiiaapaayp Band of Kumeyaay Indians,CA
286,Federated Indians of Graton Rancheria,CA
287,Fort Bidwell Indian Community of the Fort Bidwell Reservation of California,CA
288,Fort Independence Indian Community of Paiute Indians of the Fort Independence Reservation,CA
289,Greenville Rancheria,CA
290,Grindstone Indian Rancheria of Wintun-Wailaki Indians of California,CA
291,Guidiville Rancheria of California,CA
292,Habematolel Pomo of Upper Lake,CA
293,Hoopa Valley Tribe,CA
294,Hopland Band of Pomo Indians,CA
295,Inaja Band of Diegueño Mission Indians of the Inaja and Cosmit Reservation,CA
296,Ione Band of Miwok Indians of California,CA
297,Jackson Band of Miwuk Indians,CA
298,Jamul Indian Village of California,CA
299,Karuk Tribe,CA
300,Kashia Band of Pomo Indians of the Stewart’s Point Rancheria,CA
301,Koi Nation of Northern California,CA
302,La Jolla Band of Luiseño Indians,CA
303,La Posta Band of Diegueño Mission Indians of the La Posta Indian Reservation,CA
304,Lone Pine Paiute-Shoshone Tribe,CA
305,Los Coyotes Band of Cahuilla & Cupeno Indians,CA
306,Lytton Rancheria of California,CA
307,Manchester Band of Pomo Indians of the Manchester Rancheria,CA
308,Manzanita Band of Diegueño Mission Indians of the Manzanita Reservation,CA
309,Mechoopda Indian Tribe of Chico Rancheria,CA
310,Mesa Grande Band of Diegueño Mission Indians of the Mesa Grande Reservation,CA
311,Middletown Rancheria of Pomo Indians of California,CA
312,Mooretown Rancheria of Maidu Indians of California,CA
313,Morongo Band of Cahuilla Mission Indians,CA
314,Northfork Rancheria of Mono Indians of California,CA
315,Pala Band of Luiseño Mission Indians of the Pala Reservation,CA
316,Paskenta Band of Nomlaki Indians of California,CA
317,Pauma Band of Luiseño Mission Indians of the Pauma & Yuima Reservation,CA
318,Pechanga Band of Luiseño Mission Indians of the Pechanga Reservation,CA
319,Picayune Rancheria of Chukchansi Indians of California,CA
320,Pinoleville Pomo Nation (formerly the Pinoleville Rancheria of Pomo Indians of California),CA
321,"Pit River Tribe (includes XL Ranch, Big Bend, Likely, Lookout, Montgomery Creek and Roaring Creek Rancherias)",CA
322,Potter Valley Tribe (formerly the Potter Valley Rancheria of Pomo Indians of California),CA
323,Quartz Valley Indian Community of the Quartz Valley Reservation of California,CA
324,Ramona Band of Cahuilla,CA
325,Redding Rancheria,CA
326,Redwood Valley or Little River Band of Pomo Indians of the Redwood Valley Rancheria California,CA
327,Resighini Rancheria,CA
328,Rincon Band of Luiseño Mission Indians of the Rincon Reservation,CA
329,Robinson Rancheria,CA
330,"Round Valley Indian Tribes, Round Valley Reservation",CA
331,San Manual Band of Serrano Mission Indians of the San Maual Reservation,CA
332,San Pasqual Band of Diegueño Mission Indians of California,CA
333,Santa Rosa Indian Community of the Santa Rosa Rancheria,CA
334,Santa Rosa Band of Cahuilla Indians (formerly the Santa Rosa Band of Cahuilla Mission Indians of the Santa Rosa Reservation),CA
335,Santa Ynez Band of Chumash Mission Indians of the Santa Ynez Reservation,CA
336,Lipay Nation of Santa Ysabel (Previously listed as the Santa Ysabel Band of Diegueño Mission Indians of the Santa Ysabel Reservation),CA
337,Scotts Valley Band of Pomo Indians of California,CA
338,Sheep Ranch Rancheria of Me-Wuk Indians,CA
339,Sherwood Valley Rancheria of Pomo Indians of California,CA
340,"Shingle Springs Band of Miwok Indians, Shingle Springs Rancheria (Verona Tract)",CA
341,Soboba Band of Luiseño Indians,CA
342,Susanville Indian Rancheria,CA
343,Sycuan Band of the Kumeyaay Nation (formerly the Sycuan Band of Diegueno Mission Indians of California),CA
344,Table Mountain Rancheria of California,CA
345,Tejon Indian Tribe,CA
346,Tolowa Dee-ni' Nation,CA
347,Torres-Martinez Desert Cahuilla Indians,CA
348,Tule River Indian Tribe of the Tule River Reservation,CA
349,Tuolumne Band of Me-Wuk Indians of the Tuolumne Rancheria of California,CA
350,Twenty-Nine Palms Band of Mission Indians of California,CA
351,United Auburn Indian Community of the Auburn Rancheria of California,CA
352,Upper Lake Band of Pomo Indians,CA
353,Utu Utu Gwaitu Paiute Tribe of the Benton Paiute Reservation,CA
354,"Washoe Tribe (Carson Colony, Dresslerville Colony, Woodfords Community, Stewart Community and Washoe Ranches) (California and Nevada)",CA
355,Wilton Rancheria,CA
356,Wiyot Tribe (formerly the Table Bluff Reservation-Wiyot Tribe),CA
357,Yocha Dehe Wintun Nation,CA
358,Yurok Tribe of the Yurok Reservation,CA
359,Southern Ute Indian Tribe of the Southern Ute Reservation,CO
360,"Ute Mountain Tribe of the Ute Mountain Reservation (Colorado, New Mexico and Utah)",CO
360,"Ute Mountain Tribe of the Ute Mountain Reservation (Colorado, New Mexico and Utah)",NM
360,"Ute Mountain Tribe of the Ute Mountain Reservation (Colorado, New Mexico and Utah)",UT
361,Mashantucket Pequot Tribe,CO
362,Mohegan Tribe of Indians of Connecticut,CO
363,Miccosukee Tribe of Indians of Florida,FL
364,"Seminole Tribe of Florida (Dania, Big Cypress, Brighton, Hollywood and Tampa Reservations)",FL
365,Coeur D’Alene Tribe,ID
366,Kootenai Tribe of Idaho,ID
367,Nez Perce Tribe,ID
368,Shoshone-Bannock Tribes of the Fort Hall Reservation of Idaho,ID
369,Pokagon Band of Potawatomi Indians (Michigan and Indiana),IN
369,Pokagon Band of Potawatomi Indians (Michigan and Indiana),MI
370,Sac & Fox Tribe of the Mississippi in Iowa,IA
371,Iowa Tribe of Kansas and Nebraska,KS
372,Kickapoo Tribe of Indians of the Kickapoo Reservation in Kansas,KS
373,Prairie Band Potawatomi Nation,KS
374,Sac & Fox Nation of Missouri (Kansas and Nebraska),KS
374,Sac & Fox Nation of Missouri (Kansas and Nebraska),NE
375,Chitimacha Tribe of Louisiana,LA
376,Coushatta Tribe of Louisiana,LA
377,Jena Band of Choctaw Indians,LA
378,Tunica-Biloxi Indian Tribe of Louisiana,LA
379,Aroostook Band of Micmac Indians,ME
380,Houlton Band of Maliseet Indians,ME
381,Passamaquoddy Tribe,ME
382,Penobscot Nation,ME
383,Mashpee Wampanoag Tribe,MA
384,Wampanoag Tribe of Gay Head (Aquinnah) of Massachusetts,MA
385,Bay Mills Indian Community,MI
386,Grand Traverse Band of Ottawa and Chippewa Indians,MI
387,Hannahville Indian Community,MI
388,Nottawaseppi Huron Band of the Potawatomi,MI
389,Keweenaw Bay Indian Community,MI
390,Lac Vieux Desert Band of Lake Superior Chippewa Indians of Michigan,MI
391,Little River Band of Ottawa Indians,MI
392,Little Traverse Bay Bands of Odawa Indians,MI
393,Match-e-be-nash-she-wish Band of Pottawatomi Indians of Michigan,MI
394,Saginaw Chippewa Indian Tribe of Michigan,MI
395,Sault Ste. Marie Tribe of Chippewa Indians of Michigan,MI
396,Lower Sioux Indian Community in the State of Minnesota,MN
397,Mdewakanton Sioux Indians,MN
398,Minnesota Chippewa Tribe (Six component reservations: Bois Forte Band (Nett Lake);Fond du Lac Band; Grand Portage Band; Leech Lake Band; Mille Lacs Ban; White Earth Band),MN
399,Prairie Island Indian Community in the State of Minnesota,MN
400,Red Lake Band of Chippewa Indians,MN
401,Shakopee Mdewakanton Sioux Community of Minnesota,MN
402,Upper Sioux Community,MN
403,Mississippi Band of Choctaw Indians,MS
404,Montana,MT
405,Assiniboine and Sioux Tribes of the Fort Peck Indian Reservation,MT
406,Blackfeet Tribe of the Blackfeet Indian Reservation of Montana,MT
407,Chippewa-Cree Indians of the Rocky Boy's Reservation,MT
408,Confederated Salish and Kootenai Tribes of the Flathead Reservation,MT
409,Crow Tribe of Montana,MT
410,Fort Belknap Indian Community of the Fort Belknap Reservation of Montana,MT
411,Northern Cheyenne Tribe of the Northern Cheyenne Indian Reservation,MT
412,Omaha Tribe of Nebraska,NE
413,Ponca Tribe of Nebraska,NE
414,Santee Sioux Nation,NE
415,Winnebago Tribe of Nebraska,NE
416,Confederated Tribes of the Goshute Reservation (Nevada and Utah),NV
416,Confederated Tribes of the Goshute Reservation (Nevada and Utah),UT
417,Duckwater Shoshone Tribe of the Duckwater Reservation,NV
418,Ely Shoshone Tribe of Nevada,NV
419,Fort McDermitt Paiute and Shoshone Tribes of the Fort McDermitt Indian Reservation (Nevada and Oregon),NV
419,Fort McDermitt Paiute and Shoshone Tribes of the Fort McDermitt Indian Reservation (Nevada and Oregon),OR
420,Las Vegas Tribe of Paiute Indians of the Las Vegas Indian Colony,NV
421,Lovelock Paiute Tribe of the Lovelock Indian Colony,NV
422,Moapa Band of Paiute Indians of the Moapa River Indian Reservation,NV
423,Paiute-Shoshone Tribe of the Fallon Reservation and Colony,NV
424,Pyramid Lake Paiute Tribe of the Pyramid Lake Reservation,NV
425,Reno-Sparks Indian Colony,NV
426,Shoshone-Paiute Tribes of the Duck Valley Reservation,NV
427,Summit Lake Paiute Tribe of Nevada,NV
428,Te-Moak Tribe of Western Shoshone Indians of Nevada (Four constituent bands: Battle Mountain Band; Elko Band; South Fork Band; Wells Band),NV
429,Walker River Paiute Tribe of the Walker River Reservation,NV
430,"Washoe Tribe (Nevada and California) (Carson Colony, Dresslerville Colony, Woodfords Community, Stewart Community and Washoe Ranches)",NV
431,Winnemucca Indian Colony of Nevada,NV
432,Yerington Paiute Tribe of the Yerington Colony & Campbell Ranch,NV
433,Yomba Shoshone Tribe of the Yomba Reservation,NV
434,Jicarilla Apache Nation,NM
435,Mescalero Apache Tribe of the Mescalero Reservation,NM
436,Ohkay Owingeh (formerly the Pueblo of San Juan),NM
437,Pueblo of Acoma,NM
438,Pueblo of Cochiti,NM
439,Pueblo of Jemez,NM
440,Pueblo of Isleta,NM
441,Pueblo of Laguna,NM
442,Pueblo of Nambe,NM
443,Pueblo of Picuris,NM
444,Pueblo of Pojoaque,NM
445,Pueblo of San Felipe,NM
446,Pueblo of San Ildefonso,NM
447,Pueblo of Sandia,NM
448,Pueblo of Santa Ana,NM
449,Pueblo of Santa Clara,NM
450,Kewa Pueblo,NM
451,Pueblo of Taos,NM
452,Pueblo of Tesuque,NM
453,Pueblo of Zia,NM
454,Zuni Tribe of the Zuni Reservation,NM
455,Cayuga Nation,NY
456,Oneida Nation of New York,NY
457,Onondaga Nation,NY
458,Saint Regis Mohawk Tribe (formerly the St. Regis Band of Mohawk Indians of New York),NY
459,Seneca Nation of Indians,NY
460,Shinnecock Indian Nation,NY
461,Tonawanda Band of Seneca,NY
462,Tuscarora Nation of New York,NY
463,Eastern Band of Cherokee Indians,NC
464,Spirit Lake Tribe,ND
465,Standing Rock Sioux Tribe (North Dakota and South Dakota),ND
465,Standing Rock Sioux Tribe (North Dakota and South Dakota),SD
466,Three Affiliated Tribes of the Fort Berthold Reservation,ND
467,Turtle Mountain Band of Chippewa Indians of North Dakota,ND
468,Absentee-Shawnee Tribe of Indians,OK
469,Alabama-Quassarte Tribal Town,OK
470,Apache Tribe of Oklahoma,OK
471,Caddo Nation of Oklahoma,OK
472,Cherokee Nation,OK
473,Cheyenne and Arapaho Tribes,OK
474,Citizen Potawatomi Nation,OK
475,Comanche Nation,OK
476,Delaware Nation,OK
477,Delaware Tribe of Indians,OK
478,Eastern Shawnee Tribe of Oklahoma,OK
479,Fort Sill Apache Tribe of Oklahoma,OK
480,Iowa Tribe of Oklahoma,OK
481,Kaw Nation,OK
482,Kialegee Tribal Town,OK
483,Kickapoo Tribe of Oklahoma,OK
484,Kiowa Indian Tribe of Oklahoma,OK
485,Miami Tribe of Oklahoma,OK
486,Modoc Tribe of Oklahoma,OK
487,Muscogee (Creek) Nation,OK
488,Ottawa Tribe of Oklahoma,OK
489,Otoe-Missouria Tribe of Indians,OK
490,Pawnee Nation of Oklahoma,OK
491,Peoria Tribe of Indians of Oklahoma,OK
492,Ponca Tribe of Indians of Oklahoma,OK
493,Quapaw Tribe of Indians,OK
494,Sac & Fox Nation,OK
495,Seminole Nation of Oklahoma,OK
496,Seneca-Cayuga Nation,OK
497,Shawnee Tribe,OK
498,The Chickasaw Nation,OK
499,The Choctaw Nation of Oklahoma,OK
500,The Osage Nation,OK
501,Thlopthlocco Tribal Town,OK
502,Tonkawa Tribe of Indians of Oklahoma,OK
503,United Keetoowah Band of Cherokee Indians in Oklahoma,OK
504,"Wichita and Affiliated Tribes (Wichita, Keechi, Waco and Tawakonie)",OK
505,Wyandotte Nation,OK
506,Burns Paiute Tribe,OR
507,"Confederated Tribes of the Coos, Lower Umpqua and Siuslaw Indians of Oregon",OR
508,Confederated Tribes of the Grand Ronde Community of Oregon,OR
509,Confederated Tribes of the Siletz Reservation,OR
510,Confederated Tribes of the Umatilla Indian Reservation,OR
511,Confederated Tribes of the Warm Springs Reservation of Oregon,OR
512,Coquille Indian Tribe,OR
513,Cow Creek Band of Umpqua Tribe of Indians,OR
514,Klamath Tribes,OR
515,Narragansett Indian Tribe,RI
516,Catawba Indian Nation (Catawba Tribe of South Carolina),SC
517,Cheyenne River Sioux Tribe of the Cheyenne River Reservation,SD
518,Crow Creek Sioux Tribe of the Crow Creek Reservation,SD
519,Flandreau Santee Sioux Tribe of South Dakota,SD
520,Lower Brule Sioux Tribe of the Lower Brule Reservation,SD
521,Oglala Sioux Tribe (previously listed as Oglala Sioux Tribe of the Pine Ridge Reservation),SD
522,Rosebud Sioux Tribe of the Rosebud Indian Reservation,SD
523,Sisseton-Wahpeton Oyate of the Lake Traverse Reservation,SD
524,Yankton Sioux Tribe of South Dakota,SD
525,Alabama-Coushatta Tribe of Texas,TX
526,Kickapoo Traditional Tribe of Texas,TX
527,Ysleta Del Sur Pueblo,TX
528,Northwestern Band of Shoshoni Nation,UT
529,"Paiute Indian Tribe of Utah (Cedar Band of Paiutes, Kanosh Band of Paiutes,Koosharem Band of Paiutes, Indian Peaks Band of Paiutes, and Shivwits Band of Paiutes)",UT
530,Skull Valley Band of Goshute Indians of Utah,UT
531,Ute Indian Tribe of the Uintah and Ouray Reservation,UT
532,"Ute Mountain Ute Tribe (Colorado, New Mexico and Utah)",UT
533,Pamunkey Indian Tribe,VA
534,Chickahominy Indian Tribe,VA
535,Chickahominy Indian Tribe-Eastern Division,VA
536,Upper Mattaponi Tribe,VA
537,"Rappahannock Tribe, Inc.",VA
538,Monacan Indian Nation,VA
539,Nansemond Indian Tribe,VA
540,Confederated Tribes of the Chehalis Reservation,WA
541,Confederated Tribes of the Colville Reservation,WA
542,Confederated Tribes and Bands of the Yakama Nation,WA
543,Cowlitz Indian Tribe,WA
544,Hoh Indian Tribe,WA
545,Jamestown S’Klallam Tribe,WA
546,Kalispel Indian Community of the Kalispel Reservation,WA
547,Lower Elwha Tribal Community,WA
548,Lummi Tribe of the Lummi Reservation,WA
549,Makah Indian Tribe of the Makah Indian Reservation,WA
550,Muckleshoot Indian Tribe,WA
551,Nisqually Indian Tribe,WA
552,Nooksack Indian Tribe of Washington,WA
553,Port Gamble S'Klallam Tribe,WA
554,Puyallup Tribe of the Puyallup Reservation,WA
555,Quileute Tribe of the Quileute Reservation,WA
556,Quinault Indian Nation,WA
557,Samish Indian Nation,WA
558,Sauk-Suiattle Indian Tribe of Washington,WA
559,Shoalwater Bay IndianTribe of the Shoalwater Bay Indian Reservation,WA
560,Skokomish Indian Tribe,WA
561,Snoqualmie Indian Tribe,WA
562,Spokane Tribe of the Spokane Reservation,WA
563,Squaxin Island Tribe of the Squaxin Island Reservation,WA
564,Stillaguamish Tribe of Indians of Washington,WA
565,Suquamish Indian Tribe of the Port Madison Reservation,WA
566,Swinomish Indian Tribal Community,WA
567,Tulalip Tribes of Washington,WA
568,Upper Skagit Indian Tribe of Washington,WA
569,Bad River Band of the Lake Superior Tribe of Chippewa Indians of the Bad River Reservation,WI
570,Forest County Potawatomi Community,WI
571,Ho-Chunk Nation of Wisconsin,WI
572,Lac Courte Oreilles Band of Lake Superior Chippewa Indians of Wisconsin,WI
573,Lac du Flambeau Band of Lake Superior Chippewa Indians of the Lac du Flambeau Reservation of Wisconsin,WI
574,Menominee Indian Tribe of Wisconsin,WI
575,Oneida Tribe of Indians of Wisconsin,WI
576,Red Cliff Band of Lake Superior Chippewa Indians of Wisconsin,WI
577,St. Croix Chippewa Indians of Wisconsin,WI
578,Sokaogon Chippewa Community,WI
579,Stockbridge Munsee Community,WI
580,Arapaho Tribe of the Wind River Reservation,WY
581,Shoshone Tribe of the Wind River Reservation,WY